MJD,FLT,FLUXCAL,FLUXCALERR,PHOTFLAG,PHOTPROB,ZPFLUX,PSF,SKYSIG,SKYSIG_T,GAIN,XPIX,YPIX,EXPNUM,CCDNUM,SNID,ACTION,COMMENT,TIME,USER,OBJID_COPY,BATCH
58468.04,z,39.555,11.293,4096,0.425,32.907,2.02,175.6,154.2,0.94,79.05,151.32,803526,11,5889183,DarkSpotInTemplateCenter,,04/11/20 20:11:55,ramorgan2,285846733.0,1
58482.15900000001,r,10.529000000000002,2.7904,4096,0.03,33.089,2.086,50.0,52.2,1.02,363.31,722.28,807330,21,5883420,DarkSpotInTemplateCenter,,04/11/20 17:25:31,ramorgan2,289742717.0,1
58464.179000000004,r,25.397,5.9207,4096,0.32,31.783,2.049,30.2,14.1,0.96,1005.94,2888.48,802256,30,5751893,DarkSpotInTemplateCenter,,04/10/20 11:53:30,ramorgan2,284240257.0,1
58468.04,z,51.482,11.137,4096,0.45299999999999996,32.907,2.02,175.6,154.2,0.94,205.67,1644.98,803526,11,5790435,DarkSpotInTemplateCenter,,04/10/20 11:52:44,ramorgan2,285847372.0,2
58481.15900000001,r,19.055,3.6665,4096,0.33,33.082,2.373,57.9,45.3,0.97,1311.32,3649.8,807039,24,5875828,DarkSpotInTemplateCenter,,04/11/20 17:28:55,ramorgan2,289251170.0,2
58468.04,z,42.42,10.715,4096,0.345,32.907,2.02,175.6,154.2,0.94,1808.03,3451.02,803526,11,5889179,DarkSpotInTemplateCenter,,04/11/20 20:10:54,ramorgan2,285847818.0,3
58468.04,z,47.018,11.019,4096,0.525,32.907,2.02,175.6,154.2,0.94,446.41,1490.78,803526,11,5789831,DarkSpotInTemplateCenter,,04/11/20 17:36:01,ramorgan2,285847314.0,3
58481.125,g,11.683,3.0077,4096,0.344,32.971,2.636,35.3,44.6,1.04,715.45,3510.47,807030,41,5883409,DarkSpotInTemplateCenter,,04/11/20 20:13:29,ramorgan2,289138245.0,5
58483.147,r,23.468000000000004,2.8748,4096,0.33,33.075,1.837,57.8,55.3,0.96,1626.36,3788.68,807643,11,5880244,DarkSpotInTemplateCenter,,04/11/20 20:53:45,ramorgan2,289982164.0,5
58466.03599999999,i,28.307,5.3937,4096,0.368,33.244,1.784,142.7,102.2,1.02,1227.16,1848.63,802852,52,5799271,DarkSpotInTemplateCenter,,04/11/20 20:23:21,ramorgan2,285383030.0,5
58482.15900000001,r,16.968,3.0785,4096,0.23,33.089,2.086,50.0,52.2,1.02,615.52,2291.93,807330,21,5891316,DarkSpotInTemplateCenter,,04/11/20 20:22:59,ramorgan2,289744841.0,5
58481.125,g,12.380999999999998,3.1297,4096,0.175,32.971,2.636,35.3,44.6,1.04,687.57,3637.07,807030,41,5880924,DarkSpotInTemplateCenter,,04/11/20 20:25:41,ramorgan2,289140737.0,6
58466.03599999999,i,30.735,5.2931,4096,0.688,33.244,1.784,142.7,102.2,1.02,1877.74,2032.26,802852,52,5803622,DarkSpotInTemplateCenter,,04/11/20 20:58:46,ramorgan2,285383039.0,7
58481.125,g,12.925999999999998,3.011,4096,0.385,32.971,2.636,35.3,44.6,1.04,516.88,1410.18,807030,41,5872179,DarkSpotInTemplateCenter,,04/13/20 13:17:19,ramorgan2,289133593.0,8
58481.15900000001,r,19.686,3.4755,4096,0.535,33.082,2.373,57.9,45.3,0.97,1285.08,2033.16,807039,24,5873414,DarkSpotInTemplateCenter,,04/11/20 21:04:33,ramorgan2,289247352.0,8
58466.03599999999,i,26.513,5.5042,4096,0.655,33.244,1.784,142.7,102.2,1.02,1221.7,57.76,802852,52,5891353,DarkSpotInTemplateCenter,,04/13/20 13:11:01,ramorgan2,285382872.0,8
58482.15900000001,r,18.719,2.8398,4096,0.57,33.089,2.086,50.0,52.2,1.02,1516.6,2264.2,807330,21,5878277,DarkSpotInTemplateCenter,,04/13/20 13:12:57,ramorgan2,289744810.0,8
58481.125,g,13.442,2.9006,4096,0.4320000000000001,32.971,2.636,35.3,44.6,1.04,254.48,1690.52,807030,41,5880888,DarkSpotInTemplateCenter,,04/13/20 16:35:21,ramorgan2,289134617.0,10
58482.15900000001,r,14.052,2.8101,4096,0.468,33.089,2.086,50.0,52.2,1.02,1729.78,3739.56,807330,21,5878280,DarkSpotInTemplateCenter,,04/13/20 16:42:41,ramorgan2,289746540.0,10
58468.04,z,45.06399999999999,11.058,4096,0.477,32.907,2.02,175.6,154.2,0.94,1855.72,50.11,803526,11,5789823,DarkSpotInTemplateCenter,,04/13/20 16:35:29,ramorgan2,285846649.0,10
58482.167,r,14.508,2.7448,4096,0.613,33.082,1.933,48.2,46.6,1.04,98.88,3029.25,807332,53,5874463,DarkSpotInTemplateCenter,,04/13/20 16:44:15,ramorgan2,289401244.0,11
58480.166,z,46.002,11.294,4096,0.433,32.981,2.321,162.9,186.6,0.95,126.17,698.68,806762,40,5862317,DarkSpotInTemplateCenter,,04/13/20 22:02:56,ramorgan2,288444422.0,12
58482.115999999995,g,12.909,2.8618,4096,0.105,32.961,2.395,36.0,37.0,0.89,1051.75,432.16,807319,10,5885869,DarkSpotInTemplateCenter,,04/13/20 18:15:44,ramorgan2,289255048.0,12
58466.05,i,40.272,6.9001,4096,0.462,33.232,2.005,120.9,97.6,0.94,2022.99,882.85,802855,18,5808994,DarkSpotInTemplateCenter,,04/14/20 12:04:06,ramorgan2,285324004.0,12
58480.166,z,40.467,11.173,4096,0.373,32.981,2.3209999999999997,162.9,186.6,0.95,1821.62,3415.96,806762,40,5862325,DarkSpotInTemplateCenter,,04/15/20 13:13:54,ramorgan2,288444718.0,13
58480.166,z,53.692,12.013,4096,0.442,32.981,2.3209999999999997,162.9,186.6,0.95,1037.12,1027.05,806762,40,5792036,DarkSpotInTemplateCenter,,04/14/20 12:07:33,ramorgan2,288444444.0,14
58480.166,z,41.678999999999995,11.462,4608,0.28300000000000003,32.981,2.3209999999999997,162.9,186.6,0.95,961.05,2165.09,806762,40,5793508,DarkSpotInTemplateCenter,,04/14/20 12:13:56,ramorgan2,288444527.0,14
58466.05,i,25.042,5.5363,4096,0.348,33.232,2.005,120.9,97.6,0.94,871.14,1944.86,802855,18,5807360,DarkSpotInTemplateCenter,,04/13/20 22:10:03,ramorgan2,285324102.0,14
58480.063,r,14.979,3.8075,4096,0.361,33.098,2.594,55.2,50.3,0.92,1068.03,2081.37,806707,38,5885222,DarkSpotInTemplateCenter,,04/17/20 11:26:34,ramorgan2,288201743.0,15
58480.166,z,53.292,11.998,4096,0.535,32.981,2.3209999999999997,162.9,186.6,0.95,927.69,1230.22,806762,40,5802490,DarkSpotInTemplateCenter,,04/14/20 12:10:37,ramorgan2,288444455.0,15
58480.166,z,49.247,11.619000000000002,4610,0.42,32.981,2.3209999999999997,162.9,186.6,0.95,1184.0,2283.45,806762,40,5792057,DarkSpotInTemplateCenter,,04/15/20 13:12:50,ramorgan2,288444535.0,15
58482.115999999995,g,13.682,2.8557,4096,0.02,32.961,2.395,36.0,37.0,0.89,242.58,760.7,807319,10,5871612,DarkSpotInTemplateCenter,,04/15/20 13:07:11,ramorgan2,289256104.0,16
58482.167,r,14.824000000000002,2.8895,4096,0.133,33.082,1.933,48.2,46.6,1.04,1544.2,621.81,807332,53,5878845,DarkSpotInTemplateCenter,,04/15/20 13:12:55,ramorgan2,289399171.0,16
58482.167,r,11.198,2.5046,4096,0.348,33.082,1.933,48.2,46.6,1.04,939.88,2357.32,807332,53,5874462,DarkSpotInTemplateCenter,,04/15/20 13:20:07,ramorgan2,289400898.0,17
58482.167,r,13.296,2.628,4096,0.63,33.082,1.933,48.2,46.6,1.04,120.27,3517.08,807332,53,5874464,DarkSpotInTemplateCenter,,04/15/20 13:17:33,ramorgan2,289401614.0,17
58482.167,r,13.634,2.7097,4608,0.539,33.082,1.933,48.2,46.6,1.04,112.4,1736.55,807332,53,5888905,DarkSpotInTemplateCenter,,04/15/20 13:27:02,ramorgan2,289400240.0,17
58466.05,i,30.245,5.526,4096,0.475,33.232,2.005,120.9,97.6,0.94,1449.47,3196.03,802855,18,5892273,DarkSpotInTemplateCenter,,04/17/20 11:14:28,ramorgan2,285324286.0,17
58480.166,z,49.468999999999994,12.030999999999999,4096,0.495,32.981,2.3209999999999997,162.9,186.6,0.95,1115.88,3058.25,806762,40,5862322,DarkSpotInTemplateCenter,,04/15/20 13:22:24,ramorgan2,288444612.0,18
58466.05,i,26.932,5.8658,4096,0.385,33.232,2.005,120.9,97.6,0.94,304.84,811.63,802855,18,5776681,DarkSpotInTemplateCenter,,04/15/20 13:21:56,ramorgan2,285323995.0,18
58466.05,i,23.659,5.4296,4096,0.37,33.232,2.005,120.9,97.6,0.94,923.05,2651.11,802855,18,5890019,DarkSpotInTemplateCenter,,04/17/20 11:14:30,ramorgan2,285324181.0,18
58480.062999999995,r,14.732000000000001,3.7662,4096,0.382,33.098,2.594,55.2,50.3,0.92,1733.65,1822.86,806707,38,5881319,DarkSpotInTemplateCenter,,04/15/20 13:24:56,ramorgan2,288201712.0,18
58437.23,r,30.833,5.8338,4096,0.42,31.731,1.64,37.8,13.3,0.98,501.69,539.43,794145,16,5658906,DarkSpotInTemplateCenter,,04/17/20 11:16:15,ramorgan2,273354359.0,19
58482.167,r,11.657,2.5874,4096,0.48,33.082,1.933,48.2,46.6,1.04,722.54,3488.04,807332,53,5883509,DarkSpotInTemplateCenter,,04/17/20 11:12:04,ramorgan2,289401667.0,19
58466.05,i,22.156,5.5425,4096,0.343,33.232,2.005,120.9,97.6,0.94,310.88,2691.44,802855,18,5808544,DarkSpotInTemplateCenter,,04/17/20 11:09:09,ramorgan2,285324186.0,19
58482.116,g,13.278,3.19,4096,0.057,32.961,2.395,36.0,37.0,0.89,373.16,996.17,807319,10,5867197,DarkSpotInTemplateCenter,,04/17/20 11:09:07,ramorgan2,289257444.0,19
58469.138,i,24.217,5.932,4096,0.313,33.228,1.977,127.3,97.5,1.01,398.62,1548.01,803960,54,5894554,DarkSpotInTemplateCenter,,04/17/20 11:21:12,ramorgan2,286273639.0,20
58469.138,i,25.409,5.6589,4096,0.33,33.228,1.977,127.3,97.5,1.01,1814.5,3949.47,803960,54,5895429,DarkSpotInTemplateCenter,,04/17/20 11:19:30,ramorgan2,286273758.0,20
58482.167,r,13.293,2.7855,4096,0.33,33.082,1.933,48.2,46.6,1.04,1466.76,2241.86,807332,53,5874461,DarkSpotInTemplateCenter,,04/17/20 11:18:08,ramorgan2,289400815.0,20
58467.038,z,64.556,13.207,4096,0.53,32.861,2.202,183.8,153.7,0.9,94.93,2169.18,803178,60,5797107,DarkSpotInTemplateCenter,,04/17/20 11:35:00,ramorgan2,285618294.0,21
58480.147,z,43.631,10.602,4096,0.36,32.982,2.148,153.5,185.5,0.96,188.51,4066.18,806758,53,5898672,DarkSpotInTemplateCenter,,04/17/20 11:39:00,ramorgan2,288384705.0,21
58481.1,g,19.894,2.7985,4096,0.31,32.963,2.417,35.3,40.8,1.04,1661.82,995.37,807024,26,5869968,DarkSpotInTemplateCenter,,04/17/20 11:37:42,ramorgan2,288815817.0,21
58481.1,g,15.193,2.5571,4096,0.355,32.963,2.417,35.3,40.8,1.04,1977.51,2287.0,807024,26,5888686,DarkSpotInTemplateCenter,,04/17/20 11:34:48,ramorgan2,288823625.0,21
58480.147,z,43.165,10.75,4096,0.5479999999999999,32.982,2.148,153.5,185.5,0.96,86.14,1005.76,806758,53,5860359,DarkSpotInTemplateCenter,,04/23/20 12:58:51,ramorgan2,288384071.0,22
58480.147000000004,z,42.547,11.42,4096,0.39299999999999996,32.982,2.148,153.5,185.5,0.96,1012.66,1223.83,806758,53,5793343,DarkSpotInTemplateCenter,,04/17/20 21:21:45,ramorgan2,288384104.0,22
58481.1,g,13.892999999999999,2.5655,4096,0.09300000000000001,32.963,2.417,35.3,40.8,1.04,1862.97,1364.7,807024,26,5887947,DarkSpotInTemplateCenter,,04/28/20 18:38:09,ramorgan2,288818313.0,22
58467.038,z,59.231,12.693,4096,0.485,32.861,2.202,183.8,153.7,0.9,357.97,659.86,803178,60,5784525,DarkSpotInTemplateCenter,,04/17/20 21:26:39,ramorgan2,285618127.0,22
58481.1,g,14.394,2.6467,4096,0.185,32.963,2.417,35.3,40.8,1.04,1412.49,1484.22,807024,26,5892547,DarkSpotInTemplateCenter,,04/17/20 21:38:40,ramorgan2,288819741.0,23
58467.038,z,66.016,13.214,4096,0.488,32.861,2.202,183.8,153.7,0.9,1472.25,1814.25,803178,60,5784048,DarkSpotInTemplateCenter,,04/17/20 21:32:51,ramorgan2,285618246.0,23
58467.038,z,67.529,14.59,4096,0.518,32.861,2.202,183.8,153.7,0.9,1670.75,2123.99,803178,60,5905395,DarkSpotInTemplateCenter,,04/17/20 21:34:08,ramorgan2,285618284.0,23
58481.1,g,16.393,2.6931,4096,0.295,32.963,2.417,35.3,40.8,1.04,1958.73,1279.45,807024,26,5887940,DarkSpotInTemplateCenter,,04/17/20 21:31:28,ramorgan2,288817779.0,23
58480.147000000004,z,42.996,10.333,4096,0.418,32.982,2.148,153.5,185.5,0.96,429.74,1411.03,806758,53,5860360,DarkSpotInTemplateCenter,,04/17/20 21:49:14,ramorgan2,288384161.0,23
58481.1,g,12.940999999999999,2.6071,4096,0.215,32.963,2.417,35.3,40.8,1.04,2011.21,1070.5,807024,26,5892510,DarkSpotInTemplateCenter,,04/17/20 21:34:32,ramorgan2,288816300.0,23
58481.1,g,14.370999999999999,2.4999,4096,0.2,32.963,2.417,35.3,40.8,1.04,1996.1,2403.68,807024,26,5869857,DarkSpotInTemplateCenter,,04/17/20 21:32:26,ramorgan2,288824075.0,23
58481.1,g,12.911,2.5589,4096,0.21,32.963,2.417,35.3,40.8,1.04,1726.09,1228.65,807024,26,5896448,DarkSpotInTemplateCenter,,04/17/20 21:37:46,ramorgan2,288817483.0,23
58481.1,g,13.885,2.5081,4096,0.14,32.963,2.417,35.3,40.8,1.04,1387.08,2135.5,807024,26,5892567,DarkSpotInTemplateCenter,,04/17/20 21:29:18,ramorgan2,288823231.0,23
58480.147000000004,z,41.583999999999996,10.657,4096,0.447,32.982,2.148,153.5,185.5,0.96,1394.49,635.41,806758,53,5860354,DarkSpotInTemplateCenter,,04/17/20 21:42:14,ramorgan2,288384000.0,24
58465.035,i,29.677,6.9427,4096,0.575,33.196,2.296,126.7,115.9,0.98,1684.36,3894.72,802522,33,5795650,DarkSpotInTemplateCenter,,04/17/20 21:41:58,ramorgan2,284983054.0,24
58480.147000000004,z,44.325,10.522,4096,0.385,32.982,2.148,153.5,185.5,0.96,459.1,567.21,806758,53,5860353,DarkSpotInTemplateCenter,,04/17/20 21:48:38,ramorgan2,288383988.0,24
58481.1,g,14.902,2.7803,4096,0.06,32.963,2.417,35.3,40.8,1.04,1433.64,1031.7,807024,26,5879201,DarkSpotInTemplateCenter,,04/23/20 13:05:06,ramorgan2,288816148.0,25
58480.147000000004,z,38.971,10.548,4096,0.41,32.982,2.148,153.5,185.5,0.96,380.53,1405.03,806758,53,5861325,DarkSpotInTemplateCenter,,04/17/20 21:57:19,ramorgan2,288384158.0,25
58465.155,z,82.964,19.273,4096,0.365,31.451999999999998,1.651,72.6,80.5,0.97,1640.37,790.15,802582,22,5785226,DarkSpotInTemplateCenter,,04/17/20 21:54:03,ramorgan2,284865728.0,25
58481.1,g,12.835,2.5374,4096,0.135,32.963,2.417,35.3,40.8,1.04,250.25,1688.24,807024,26,5877042,DarkSpotInTemplateCenter,,04/17/20 21:54:49,ramorgan2,288821725.0,25
58466.03599999999,i,33.114000000000004,5.8319,4096,0.537,33.225,1.815,144.1,103.7,0.99,43.67,1344.02,802852,19,5807638,DarkSpotInTemplateCenter,,04/28/20 18:38:05,ramorgan2,285278728.0,26
58481.1,g,16.083,2.6575,4096,0.17800000000000002,32.963,2.417,35.3,40.8,1.04,1392.07,890.17,807024,26,5893879,DarkSpotInTemplateCenter,,04/23/20 13:02:23,ramorgan2,288815116.0,26
58466.03599999999,i,26.673,5.6501,4096,0.11,33.225,1.815,144.1,103.7,0.99,683.29,1963.9,802852,19,5801884,DarkSpotInTemplateCenter,,04/23/20 13:01:52,ramorgan2,285278875.0,26
58480.147,z,38.023,10.359000000000002,4096,0.353,32.982,2.148,153.5,185.5,0.96,575.65,1742.94,806758,53,5898616,DarkSpotInTemplateCenter,,04/23/20 13:10:28,ramorgan2,288384222.0,26
58480.147,z,50.322,11.363,4096,0.43,32.982,2.148,153.5,185.5,0.96,943.06,2359.95,806758,53,5860367,DarkSpotInTemplateCenter,,04/23/20 13:04:49,ramorgan2,288384341.0,26
58480.147,z,53.585,11.824000000000002,4096,0.275,32.982,2.148,153.5,185.5,0.96,216.85,3023.57,806758,53,5792583,DarkSpotInTemplateCenter,,04/23/20 12:59:37,ramorgan2,288384431.0,26
58481.1,g,15.337,2.6557,4096,0.448,32.963,2.417,35.3,40.8,1.04,1873.73,1523.24,807024,26,5869978,DarkSpotInTemplateCenter,,04/23/20 13:19:27,ramorgan2,288820191.0,26
58480.147,z,44.018,11.07,4096,0.59,32.982,2.148,153.5,185.5,0.96,1203.91,3735.27,806758,53,5860374,DarkSpotInTemplateCenter,,04/23/20 13:08:43,ramorgan2,288384542.0,27
58480.147,z,43.86,10.667,4096,0.34600000000000003,32.982,2.148,153.5,185.5,0.96,1422.74,1764.72,806758,53,5809193,DarkSpotInTemplateCenter,,04/23/20 13:08:56,ramorgan2,288384226.0,27
58480.147,z,47.097,12.304,4096,0.36,32.982,2.148,153.5,185.5,0.96,1107.15,2385.86,806758,53,5792574,DarkSpotInTemplateCenter,,04/23/20 13:12:23,ramorgan2,288384350.0,27
58480.147,z,41.155,10.917,4096,0.365,32.982,2.148,153.5,185.5,0.96,1318.06,206.13,806758,53,5860351,DarkSpotInTemplateCenter,,04/23/20 13:12:36,ramorgan2,288383945.0,27
58481.1,g,17.961,2.6533,4096,0.045,32.963,2.417,35.3,40.8,1.04,1825.92,1481.14,807024,26,5896472,DarkSpotInTemplateCenter,,04/23/20 13:07:32,ramorgan2,288819674.0,27
58480.147,z,41.31100000000001,10.759,4096,0.46,32.982,2.148,153.5,185.5,0.96,656.09,2374.99,806758,53,5905898,DarkSpotInTemplateCenter,,04/23/20 13:16:03,ramorgan2,288384346.0,28
58480.147000000004,z,41.87300000000001,10.684000000000001,4096,0.23,32.982,2.148,153.5,185.5,0.96,546.12,3502.15,806758,53,5861344,DarkSpotInTemplateCenter,,04/28/20 18:49:24,ramorgan2,288384484.0,28
58466.03599999999,i,32.84,5.7424,4096,0.482,33.225,1.815,144.1,103.7,0.99,489.64,1858.26,802852,19,5774602,DarkSpotInTemplateCenter,,04/23/20 13:20:05,ramorgan2,285278835.0,29
58480.147,z,49.291,10.757,4096,0.4,32.982,2.148,153.5,185.5,0.96,329.09,3630.9,806758,53,5860373,DarkSpotInTemplateCenter,,04/23/20 13:22:47,ramorgan2,288384478.0,29
58465.035,i,34.629,6.7819,4096,0.698,33.196,2.296,126.7,115.9,0.98,75.48,3841.4,802522,33,5769947,DarkSpotInTemplateCenter,,04/23/20 13:28:25,ramorgan2,284982939.0,30
58480.147,z,43.45,10.697,4096,0.345,32.982,2.148,153.5,185.5,0.96,1607.82,3137.23,806758,53,5860375,DarkSpotInTemplateCenter,,04/23/20 13:30:49,ramorgan2,288384682.0,30
58480.147,z,46.29,11.073,4096,0.262,32.982,2.148,153.5,185.5,0.96,1126.88,1946.81,806758,53,5793763,DarkSpotInTemplateCenter,,04/23/20 13:30:25,ramorgan2,288384247.0,30
58480.147,z,55.315,12.213,4096,0.51,32.982,2.148,153.5,185.5,0.96,1119.14,119.95,806758,53,5862614,DarkSpotInTemplateCenter,,04/23/20 13:27:28,ramorgan2,288383931.0,30
58480.147000000004,z,41.644,11.415,4096,0.217,32.982,2.148,153.5,185.5,0.96,1068.25,3119.67,806758,53,5793788,DarkSpotInTemplateCenter,,04/28/20 18:38:06,ramorgan2,288384509.0,30
58454.252,g,38.571999999999996,6.0283,4096,0.395,31.611,1.913,20.3,8.3,0.9,1659.2,3937.78,798692,11,5680406,DarkSpotInTemplateCenter,,04/28/20 18:38:45,ramorgan2,280497673.0,31
58482.112,g,13.213,2.9802,4096,0.305,32.946,2.62,32.9,38.0,1.04,754.41,668.09,807318,9,5877974,DarkSpotInTemplateCenter,,05/01/20 11:27:43,ramorgan2,289734734.0,31
58466.03599999999,i,25.50800000000001,6.1089,4096,0.053,33.215,1.806,144.0,105.3,1.0,491.66,130.18,802852,16,5773693,DarkSpotInTemplateCenter,,04/28/20 18:47:46,ramorgan2,285344642.0,31
58468.163,i,25.619,4.8658,4096,0.267,33.218,1.631,105.7,118.6,0.98,1025.47,3844.6,803618,33,5773818,DarkSpotInTemplateCenter,,05/01/20 11:27:28,ramorgan2,285953925.0,32
58468.163,i,22.757,4.0733,4096,0.333,33.218,1.631,105.7,118.6,0.98,386.41,1800.91,803618,33,5794167,DarkSpotInTemplateCenter,,05/01/20 11:31:45,ramorgan2,285953463.0,32
58468.163,i,26.226,4.5497,4096,0.418,33.218,1.631,105.7,118.6,0.98,1940.93,2309.66,803618,33,5795622,DarkSpotInTemplateCenter,,05/01/20 11:43:00,ramorgan2,285953605.0,33
58482.112,g,18.316,3.0093,12288,0.8,32.946,2.62,32.9,38.0,1.04,661.94,1900.65,807318,9,5877980,DarkSpotInTemplateCenter,,05/01/20 11:37:19,ramorgan2,289735267.0,33
58471.176,z,116.27,31.91,4096,0.31,31.419,2.3480000000000003,97.7,50.4,0.97,1617.15,280.46,804503,26,5807352,DarkSpotInTemplateCenter,,05/01/20 11:41:46,ramorgan2,286269626.0,33
58468.163,i,21.415,4.0869,4096,0.58,33.218,1.631,105.7,118.6,0.98,464.88,1471.71,803618,33,5805055,DarkSpotInTemplateCenter,,05/01/20 11:54:02,ramorgan2,285953412.0,33
58482.112,g,12.999,3.0883,4096,0.095,32.946,2.62,32.9,38.0,1.04,1114.45,1903.96,807318,9,5883278,DarkSpotInTemplateCenter,,05/07/20 13:53:49,ramorgan2,289735274.0,35
58471.176,z,146.16,31.771,4096,0.677,31.419,2.3480000000000003,97.7,50.4,0.97,470.02,1691.07,804503,26,5807790,DarkSpotInTemplateCenter,,05/07/20 13:55:31,ramorgan2,286269659.0,38
58468.163,i,19.795,4.0477,4096,0.315,33.218,1.631,105.7,118.6,0.98,546.17,2446.05,803618,33,5801450,DarkSpotInTemplateCenter,,05/08/20 12:32:11,ramorgan2,285953644.0,39
58468.163,i,23.474,4.2969,4096,0.307,33.218,1.631,105.7,118.6,0.98,1173.08,3849.57,803618,33,5794204,DarkSpotInTemplateCenter,,05/08/20 12:31:58,ramorgan2,285954328.0,39
58468.163,i,21.686999999999998,4.2402,4096,0.34,33.218,1.631,105.7,118.6,0.98,137.72,945.28,803618,33,5794156,DarkSpotInTemplateCenter,,05/08/20 12:30:58,ramorgan2,285953309.0,39
58483.092000000004,g,16.698,2.2539,4096,0.17,32.935,2.059,33.9,35.5,1.07,612.8,2308.63,807629,20,5886422,DarkSpotInTemplateCenter,,05/08/20 12:39:13,ramorgan2,290400815.0,40
58466.03599999999,i,27.003,5.6695,4096,0.322,33.215,1.806,144.0,105.3,1.0,1061.92,4070.81,802852,16,5776596,DarkSpotInTemplateCenter,,05/08/20 12:38:48,ramorgan2,285344881.0,40
58468.163,i,42.242,5.5005,4096,0.10800000000000001,33.218,1.631,105.7,118.6,0.98,612.41,3985.13,803618,33,5764604,DarkSpotInTemplateCenter,,05/08/20 12:40:19,ramorgan2,285954305.0,40
58468.163,i,20.608,4.0797,4096,0.355,33.218,1.631,105.7,118.6,0.98,871.85,1111.22,803618,33,5794159,DarkSpotInTemplateCenter,,05/08/20 12:39:51,ramorgan2,285953330.0,40
58468.172,i,22.818,4.3352,4096,0.56,33.228,1.828,102.4,98.2,1.05,691.61,1084.65,803620,35,5806002,DarkSpotInTemplateCenter,,05/08/20 12:48:55,ramorgan2,286123682.0,41
58469.162,i,32.419000000000004,6.2784,4096,0.531,33.218,1.842,160.5,105.1,0.99,976.62,2202.58,803965,50,5805669,DarkSpotInTemplateCenter,,05/12/20 12:20:36,ramorgan2,286277889.0,41
58483.100999999995,g,15.635,2.4144,4096,0.37,32.942,2.26,33.9,32.7,1.07,1538.76,1138.84,807631,20,5885889,DarkSpotInTemplateCenter,,05/08/20 12:48:33,ramorgan2,290598288.0,41
58468.172,i,23.468000000000004,4.589,4096,0.465,33.228,1.828,102.4,98.2,1.05,967.02,4031.45,803620,35,5892960,DarkSpotInTemplateCenter,,05/08/20 12:42:07,ramorgan2,286124501.0,41
58468.172,i,22.902,4.3021,12288,0.733,33.228,1.828,102.4,98.2,1.05,92.13,950.06,803620,35,5800650,DarkSpotInTemplateCenter,,05/12/20 12:26:02,ramorgan2,286123654.0,42
58482.09099999999,g,10.349,2.5717,4096,0.133,32.964,2.364,33.8,36.5,1.03,1462.98,2854.2,807313,52,5878339,DarkSpotInTemplateCenter,,05/12/20 12:19:14,ramorgan2,289224458.0,42
58468.172,i,23.876,4.7985,4096,0.625,33.228,1.828,102.4,98.2,1.05,1125.5,3433.42,803620,35,5800684,DarkSpotInTemplateCenter,,05/12/20 12:35:54,ramorgan2,286124467.0,42
58468.172,i,23.331,4.5214,4096,0.57,33.228,1.828,102.4,98.2,1.05,981.82,513.18,803620,35,5800642,DarkSpotInTemplateCenter,,05/15/20 12:08:55,ramorgan2,286123525.0,43
58468.045,z,42.174,10.99,4610,0.316,32.925,2.031,173.3,184.9,0.95,1799.06,1795.47,803527,34,5789148,DarkSpotInTemplateCenter,,05/12/20 12:25:32,ramorgan2,285829657.0,43
58483.101,g,17.49,2.5245,4096,0.36,32.942,2.26,33.9,32.7,1.07,1388.69,2457.56,807631,20,5885907,DarkSpotInTemplateCenter,,05/12/20 12:25:24,ramorgan2,290602533.0,43
58482.167,r,11.163,2.5904,4096,0.05,33.089,1.938,48.7,49.2,1.04,1933.83,2994.86,807332,52,5894758,DarkSpotInTemplateCenter,,05/12/20 12:39:36,ramorgan2,289814597.0,43
58483.101,g,30.32800000000001,7.3702,4096,0.11,32.942,2.26,33.9,32.7,1.07,1518.34,1678.81,807631,20,5874802,DarkSpotInTemplateCenter,,05/12/20 12:45:14,ramorgan2,290599446.0,44
58483.101,g,11.525,2.2921,4096,0.34,32.942,2.26,33.9,32.7,1.07,598.17,3929.26,807631,20,5885912,DarkSpotInTemplateCenter,,05/12/20 12:40:04,ramorgan2,290603067.0,44
58482.09099999999,g,9.7255,2.4769,4096,0.045,32.964,2.364,33.8,36.5,1.03,1725.74,1754.76,807313,52,5888559,DarkSpotInTemplateCenter,,05/20/20 09:57:12,ramorgan2,289223750.0,44
58483.100999999995,g,13.374,2.4198,4096,0.442,32.942,2.26,33.9,32.7,1.07,1464.35,950.58,807631,20,5885888,DarkSpotInTemplateCenter,,05/15/20 12:28:07,ramorgan2,290598000.0,44
58483.100999999995,g,11.565999999999999,2.3542,4096,0.205,32.942,2.26,33.9,32.7,1.07,1033.55,936.05,807631,20,5877058,DarkSpotInTemplateCenter,,05/15/20 12:09:08,ramorgan2,290598002.0,44
58483.164000000004,r,14.088,3.234,4096,0.275,33.069,2.194,56.7,53.3,0.99,369.05,578.8,807647,51,5885351,DarkSpotInTemplateCenter,,05/27/20 13:09:47,ramorgan2,290442915.0,44
58483.101,g,16.301,2.4425,4096,0.293,32.942,2.26,33.9,32.7,1.07,1370.34,227.43,807631,20,5887356,DarkSpotInTemplateCenter,,05/12/20 12:48:45,ramorgan2,290597052.0,44
58468.045,z,37.005,10.843,4096,0.23,32.925,2.031,173.3,184.9,0.95,227.3,738.47,803527,34,5800698,DarkSpotInTemplateCenter,,05/12/20 12:40:29,ramorgan2,285829380.0,44
58482.09099999999,g,12.796,2.6454,4096,0.35,32.964,2.364,33.8,36.5,1.03,139.12,3950.91,807313,52,5874999,DarkSpotInTemplateCenter,,05/12/20 12:45:36,ramorgan2,289224995.0,44
58483.100999999995,g,11.071,2.4341,4096,0.08,32.942,2.26,33.9,32.7,1.07,1497.04,2330.07,807631,20,5885391,DarkSpotInTemplateCenter,,05/15/20 12:20:00,ramorgan2,290601842.0,44
58469.162000000004,i,30.506,6.4687,4096,0.2,33.218,1.8419999999999999,160.5,105.1,0.99,813.99,871.43,803965,50,5765363,DarkSpotInTemplateCenter,,05/15/20 12:23:41,ramorgan2,286277797.0,45
58483.101,g,13.209,2.3114,4096,0.32299999999999995,32.942,2.26,33.9,32.7,1.07,1340.14,1805.84,807631,20,5885898,DarkSpotInTemplateCenter,,05/27/20 19:18:00,ramorgan2,290599737.0,45
58468.172,i,19.495,4.6793,4096,0.055,33.228,1.828,102.4,98.2,1.05,596.26,3615.71,803620,35,5896078,DarkSpotInTemplateCenter,,05/15/20 12:25:54,ramorgan2,286124361.0,45
58468.045,z,47.672,11.917,4096,0.4,32.925,2.031,173.3,184.9,0.95,891.78,377.64,803527,34,5893030,DarkSpotInTemplateCenter,,06/01/20 20:47:02,ashandonay,285829218.0,46
58468.172,i,19.41,4.4908,4096,0.36,33.228,1.828,102.4,98.2,1.05,481.56,2544.69,803620,35,5800673,DarkSpotInTemplateCenter,,05/27/20 20:30:14,ashandonay,286124150.0,46
58468.172,i,20.904,4.4727,4096,0.477,33.228,1.828,102.4,98.2,1.05,601.51,3913.51,803620,35,5799719,DarkSpotInTemplateCenter,,06/03/20 00:36:17,ashandonay,286124352.0,46
58468.172,i,28.738000000000003,4.6323,4096,0.402,33.228,1.828,102.4,98.2,1.05,1170.89,3255.93,803620,35,5800681,DarkSpotInTemplateCenter,,05/27/20 21:06:14,ashandonay,286124422.0,46
58482.09099999999,g,11.697000000000001,2.4651,4096,0.603,32.964,2.364,33.8,36.5,1.03,675.12,1767.86,807313,52,5872932,DarkSpotInTemplateCenter,,05/27/20 13:15:17,ramorgan2,289223774.0,47
58483.101,g,10.578,2.2838,4096,0.1,32.942,2.26,33.9,32.7,1.07,590.85,2296.44,807631,20,5883907,DarkSpotInTemplateCenter,,05/27/20 18:57:32,ramorgan2,290601640.0,47
58483.101,g,16.584,2.3133,4096,0.305,32.942,2.26,33.9,32.7,1.07,1571.24,2291.47,807631,20,5885905,DarkSpotInTemplateCenter,,05/27/20 18:57:30,ramorgan2,290601687.0,47
58468.045,z,50.12600000000001,11.630999999999998,4096,0.363,32.925,2.031,173.3,184.9,0.95,1361.8,698.49,803527,34,5789145,DarkSpotInTemplateCenter,,05/27/20 19:00:34,ramorgan2,285829366.0,47
58483.164,r,14.890999999999998,3.3597,4096,0.39,33.069,2.194,56.7,53.3,0.99,926.5,660.34,807647,51,5884393,DarkSpotInTemplateCenter,,05/27/20 18:59:37,ramorgan2,290443024.0,47
58482.066,r,20.76,5.1446,4096,0.397,31.743,1.916,31.4,25.2,1.04,1516.26,1843.2,807299,19,5868765,DarkSpotInTemplateCenter,,05/27/20 19:01:19,ramorgan2,288785322.0,47
58483.101,g,10.536,2.4452,4096,0.233,32.942,2.26,33.9,32.7,1.07,1383.53,86.25,807631,20,5873763,DarkSpotInTemplateCenter,,05/27/20 19:17:01,ramorgan2,290596812.0,47
58468.045,z,51.449,11.103,12288,0.742,32.925,2.031,173.3,184.9,0.95,1394.14,3315.29,803527,34,5794985,DarkSpotInTemplateCenter,,05/27/20 21:02:29,ashandonay,285830336.0,48
58483.100999999995,g,12.651,2.2588,4096,0.465,32.942,2.26,33.9,32.7,1.07,1056.46,2047.88,807631,20,5885902,DarkSpotInTemplateCenter,,05/27/20 20:47:10,ashandonay,290600776.0,48
58468.045,z,58.114,11.763,4608,0.355,32.925,2.031,173.3,184.9,0.95,458.91,2674.38,803527,34,5867200,DarkSpotInTemplateCenter,,05/27/20 21:04:04,ashandonay,285829984.0,48
58468.172,i,22.755,4.7857,4096,0.45,33.228,1.828,102.4,98.2,1.05,1139.97,3531.28,803620,35,5774973,DarkSpotInTemplateCenter,,06/01/20 20:43:43,ashandonay,286124440.0,48
58483.100999999995,g,12.975,2.6732,4096,0.115,32.942,2.26,33.9,32.7,1.07,1569.41,3298.86,807631,20,5874369,DarkSpotInTemplateCenter,,05/27/20 20:29:35,ashandonay,290603422.0,48
58468.172,i,22.647,4.4783,4096,0.528,33.228,1.828,102.4,98.2,1.05,1464.83,1928.19,803620,35,5890575,DarkSpotInTemplateCenter,,05/27/20 21:01:16,ashandonay,286123956.0,48
58483.100999999995,g,13.56,2.3325,4096,0.53,32.942,2.26,33.9,32.7,1.07,1104.4,1157.98,807631,20,5885890,DarkSpotInTemplateCenter,,05/27/20 20:51:24,ashandonay,290598335.0,48
58468.172,i,20.207,4.3566,4096,0.31,33.228,1.828,102.4,98.2,1.05,1266.05,2249.88,803620,35,5800670,DarkSpotInTemplateCenter,,05/29/20 12:12:02,tabbutt,286124053.0,49
58468.045,z,38.332,10.6,4096,0.593,32.925,2.031,173.3,184.9,0.95,1471.38,2022.25,803527,34,5882062,DarkSpotInTemplateCenter,,07/10/20 10:22:43,tabbutt,285829739.0,49
58468.045,z,68.38600000000001,15.572,4096,0.55,32.925,2.031,173.3,184.9,0.95,1844.8,423.25,803527,34,5789142,DarkSpotInTemplateCenter,,05/27/20 15:04:44,tabbutt,285829249.0,49
58483.101,g,13.595,2.5887,4096,0.415,32.942,2.26,33.9,32.7,1.07,1486.01,2578.95,807631,20,5885908,DarkSpotInTemplateCenter,,05/27/20 15:02:12,tabbutt,290602677.0,49
58482.09099999999,g,13.99,2.6164,4096,0.568,32.964,2.364,33.8,36.5,1.03,412.11,3220.67,807313,52,5872944,DarkSpotInTemplateCenter,,05/29/20 11:49:58,tabbutt,289225404.0,49
58468.045,z,40.407,11.044,4096,0.193,32.925,2.031,173.3,184.9,0.95,323.09,2334.99,803527,34,5791389,DarkSpotInTemplateCenter,,05/29/20 12:07:58,tabbutt,285829856.0,49
58483.100999999995,g,12.263,2.3145,4096,0.248,32.942,2.26,33.9,32.7,1.07,1380.51,3023.4,807631,20,5871834,DarkSpotInTemplateCenter,,07/10/20 10:20:00,tabbutt,290602885.0,49
58468.045,z,48.31,12.02,4096,0.35,32.925,2.031,173.3,184.9,0.95,1742.94,66.37,803527,34,5789137,DarkSpotInTemplateCenter,,05/29/20 12:06:18,ramorgan2,285829088.0,49
58483.100999999995,g,11.85,2.2601,4096,0.33,32.942,2.26,33.9,32.7,1.07,2015.07,1447.91,807631,20,5885896,DarkSpotInTemplateCenter,,07/10/20 10:26:23,tabbutt,290598904.0,49
58468.045,z,53.481,11.440999999999999,4096,0.65,32.925,2.031,173.3,184.9,0.95,1477.38,157.68,803527,34,5789138,DarkSpotInTemplateCenter,,07/10/20 10:18:28,tabbutt,285829117.0,49
58482.09099999999,g,10.126,2.4007,4096,0.358,32.964,2.364,33.8,36.5,1.03,1693.3,2628.04,807313,52,5874641,DarkSpotInTemplateCenter,,06/03/20 00:35:56,ashandonay,289224291.0,50
58483.100999999995,g,12.675999999999998,2.4281,4096,0.31,32.942,2.26,33.9,32.7,1.07,1591.13,3090.56,807631,20,5885790,DarkSpotInTemplateCenter,,06/01/20 20:46:06,ashandonay,290603625.0,50
58468.045,z,54.977,11.401,4096,0.518,32.925,2.031,173.3,184.9,0.95,915.96,474.69,803527,34,5906010,DarkSpotInTemplateCenter,,06/01/20 20:40:59,ashandonay,285829273.0,50
58468.045,z,49.445,12.514000000000001,4096,0.36,32.925,2.031,173.3,184.9,0.95,810.85,1173.41,803527,34,5789147,DarkSpotInTemplateCenter,,06/01/20 20:44:35,ashandonay,285829474.0,50
58483.100999999995,g,16.205,2.3121,4096,0.27,32.942,2.26,33.9,32.7,1.07,1565.18,2241.91,807631,20,5883500,DarkSpotInTemplateCenter,,05/27/20 21:07:13,ashandonay,290601378.0,50
58482.167,r,8.8466,2.4648,4096,0.375,33.089,1.9380000000000002,48.7,49.2,1.04,387.51,881.85,807332,52,5878887,DarkSpotInTemplateCenter,,05/27/20 21:08:13,ashandonay,289813414.0,50
58468.074,z,59.68,10.194,4096,0.448,32.937,1.645,161.5,154.9,0.97,1644.77,346.62,803534,22,5789537,DarkSpotInTemplateCenter,,05/27/20 19:22:45,ramorgan2,285837863.0,51
58468.074,z,41.666,8.131,4096,0.46,32.937,1.645,161.5,154.9,0.97,1081.78,3052.95,803534,22,5800979,DarkSpotInTemplateCenter,,05/27/20 19:10:13,ramorgan2,285838944.0,51
58468.074,z,41.842,8.2715,4096,0.35700000000000004,32.93,1.644,158.9,172.4,0.95,60.25,482.15,803534,55,5792432,DarkSpotInTemplateCenter,,05/27/20 19:09:16,ramorgan2,285860053.0,51
58468.074,z,36.711,8.0697,4096,0.66,32.937,1.645,161.5,154.9,0.97,834.42,778.12,803534,22,5898734,DarkSpotInTemplateCenter,,05/27/20 19:22:47,ramorgan2,285838211.0,51
58481.121,g,12.202,2.9722,4096,0.153,32.929,2.699,34.9,42.6,1.03,1291.17,202.78,807029,8,5880014,DarkSpotInTemplateCenter,,05/27/20 19:18:04,ramorgan2,288586229.0,51
58468.074,z,38.134,9.1303,4096,0.315,32.937,1.645,161.5,154.9,0.97,1609.13,1189.94,803534,22,5789557,DarkSpotInTemplateCenter,,05/28/20 13:04:37,ramorgan2,285838388.0,52
58466.045,i,32.279,5.7659,4096,0.607,33.22,2.018,123.9,105.0,0.95,1978.61,3449.48,802854,39,5775730,DarkSpotInTemplateCenter,,05/28/20 13:49:58,ramorgan2,285292822.0,52
58481.125,g,11.395,3.1041,4096,0.075,32.95,2.932,35.3,35.5,0.96,372.05,717.32,807030,32,5882488,DarkSpotInTemplateCenter,,05/28/20 13:44:24,ramorgan2,288839451.0,52
58480.051,r,16.146,3.7337,4096,0.61,33.074,2.6010000000000004,56.1,49.4,0.98,273.25,810.8,806704,62,5880289,DarkSpotInTemplateCenter,,05/29/20 12:53:06,ramorgan2,288184184.0,52
58468.074,z,51.388999999999996,9.3716,4096,0.37,32.937,1.645,161.5,154.9,0.97,1531.06,1282.64,803534,22,5789558,DarkSpotInTemplateCenter,,05/29/20 12:56:10,ramorgan2,285838438.0,53
58466.045,i,27.189,5.6409,4096,0.314,33.22,2.0180000000000002,123.9,105.0,0.95,1847.28,2728.17,802854,39,5891474,DarkSpotInTemplateCenter,,05/28/20 13:16:44,ramorgan2,285292728.0,53
58468.074,z,50.327,8.4409,4096,0.39,32.93,1.6440000000000001,158.9,172.4,0.95,592.22,411.28,803534,55,5899175,DarkSpotInTemplateCenter,,05/28/20 13:17:03,ramorgan2,285860026.0,53
58481.1,g,14.595,2.7134,4096,0.305,32.974000000000004,2.369,36.8,38.4,0.92,1089.66,71.65,807024,40,5867458,DarkSpotInTemplateCenter,,05/28/20 13:13:51,ramorgan2,288662767.0,53
58468.074,z,51.178999999999995,9.7125,4096,0.41,32.937,1.645,161.5,154.9,0.97,1524.93,3160.32,803534,22,5792743,DarkSpotInTemplateCenter,,05/28/20 13:16:32,ramorgan2,285839134.0,53
58468.074,z,39.061,8.3786,4096,0.517,32.937,1.645,161.5,154.9,0.97,1465.21,702.37,803534,22,5795385,DarkSpotInTemplateCenter,,05/28/20 13:17:00,ramorgan2,285838174.0,53
58481.121,g,11.41,3.0879,4096,0.14300000000000002,32.929,2.699,34.9,42.6,1.03,1800.38,3651.06,807029,8,5877974,DarkSpotInTemplateCenter,,05/29/20 13:00:48,ramorgan2,288586935.0,54
58468.074,z,43.183,8.0237,4096,0.303,32.93,1.6440000000000001,158.9,172.4,0.95,1019.67,866.01,803534,55,5792026,DarkSpotInTemplateCenter,,05/29/20 12:53:05,ramorgan2,285860144.0,54
58468.074,z,34.666,8.2356,4096,0.305,32.93,1.6440000000000001,158.9,172.4,0.95,302.3,2285.19,803534,55,5899186,DarkSpotInTemplateCenter,,05/29/20 12:53:34,ramorgan2,285860806.0,54
58468.074,z,46.039,8.0546,12288,0.772,32.937,1.645,161.5,154.9,0.97,684.05,1022.25,803534,22,5789554,DarkSpotInTemplateCenter,,05/28/20 13:45:35,ramorgan2,285838304.0,54
58468.074,z,41.356,8.5014,4096,0.14,32.93,1.6440000000000001,158.9,172.4,0.95,1299.06,135.37,803534,55,5789498,DarkSpotInTemplateCenter,,07/10/20 10:22:09,tabbutt,285859893.0,55
58468.074,z,45.773999999999994,8.5086,4096,0.365,32.93,1.6440000000000001,158.9,172.4,0.95,1094.09,1425.95,803534,55,5792034,DarkSpotInTemplateCenter,,07/10/20 10:18:54,tabbutt,285860432.0,55
58468.074,z,50.467,8.7748,4096,0.47700000000000004,32.93,1.6440000000000001,158.9,172.4,0.95,277.3,2917.2,803534,55,5792044,DarkSpotInTemplateCenter,,07/10/20 10:30:27,tabbutt,285861101.0,55
58468.074,z,37.8,8.31,4096,0.39799999999999996,32.937,1.645,161.5,154.9,0.97,1631.81,3984.84,803534,22,5798410,DarkSpotInTemplateCenter,,07/10/20 10:17:49,tabbutt,285839141.0,55
58468.074,z,46.728,8.9631,4096,0.41,32.937,1.645,161.5,154.9,0.97,1729.82,578.56,803534,22,5790536,DarkSpotInTemplateCenter,,07/10/20 10:12:42,tabbutt,285838117.0,55
58468.074,z,41.528999999999996,8.1426,4096,0.55,32.937,1.645,161.5,154.9,0.97,1052.93,1904.01,803534,22,5863270,DarkSpotInTemplateCenter,,07/10/20 10:25:04,tabbutt,285838658.0,55
58468.074,z,40.324,8.1762,4096,0.11,32.93,1.6440000000000001,158.9,172.4,0.95,357.04,203.16,803534,55,5791600,DarkSpotInTemplateCenter,,05/29/20 12:56:16,ramorgan2,285859917.0,56
58468.074,z,48.346000000000004,9.3637,4096,0.36,32.937,1.645,161.5,154.9,0.97,1378.46,397.76,803534,22,5789543,DarkSpotInTemplateCenter,,05/29/20 12:55:27,ramorgan2,285837943.0,56
58468.074,z,55.076,8.8854,4096,0.42200000000000004,32.937,1.645,161.5,154.9,0.97,1521.48,1378.64,803534,22,5789559,DarkSpotInTemplateCenter,,05/29/20 12:56:01,ramorgan2,285838456.0,56
58466.045,i,22.537,5.6153,4096,0.54,33.22,2.0180000000000002,123.9,105.0,0.95,292.29,2325.28,802854,39,5793332,DarkSpotInTemplateCenter,,05/29/20 13:04:55,ramorgan2,285292681.0,56
58468.074,z,43.456,9.4428,4096,0.36,32.937,1.645,161.5,154.9,0.97,1511.9,517.58,803534,22,5789546,DarkSpotInTemplateCenter,,05/31/20 18:53:25,ramorgan2,285838085.0,56
58468.074,z,42.87600000000001,8.7309,4096,0.18,32.93,1.6440000000000001,158.9,172.4,0.95,219.98,1040.57,803534,55,5791605,DarkSpotInTemplateCenter,,05/29/20 13:04:44,ramorgan2,285860204.0,56
58468.074,z,52.425,9.3312,4096,0.41,32.93,1.6440000000000001,158.9,172.4,0.95,331.2,3318.6,803534,55,5802570,DarkSpotInTemplateCenter,,05/29/20 12:55:58,ramorgan2,285861279.0,56
58481.1,g,12.904000000000002,2.5305,4096,0.3720000000000001,32.974000000000004,2.369,36.8,38.4,0.92,853.68,1092.95,807024,40,5884611,DarkSpotInTemplateCenter,,05/29/20 12:56:59,ramorgan2,288663465.0,56
58468.074,z,39.302,8.2063,4096,0.54,32.937,1.645,161.5,154.9,0.97,1949.21,2922.12,803534,22,5867510,DarkSpotInTemplateCenter,,05/29/20 13:08:38,ramorgan2,285838905.0,57
58460.098,g,67.196,10.293,4096,0.37,31.308000000000003,2.265,22.5,7.4,0.99,433.54,2592.36,800758,47,5711765,DarkSpotInTemplateCenter,,05/29/20 13:17:04,ramorgan2,282283698.0,57
58468.074,z,35.96,8.3146,4096,0.113,32.937,1.645,161.5,154.9,0.97,1531.71,4062.24,803534,22,5861932,DarkSpotInTemplateCenter,,05/29/20 13:15:37,ramorgan2,285839171.0,57
58481.1,g,8.7435,2.5237,4098,0.09,32.974000000000004,2.369,36.8,38.4,0.92,1895.79,3491.34,807024,40,5869293,DarkSpotInTemplateCenter,,05/31/20 18:53:34,ramorgan2,288672180.0,57
58468.074,z,47.303000000000004,9.451,4096,0.33299999999999996,32.937,1.645,161.5,154.9,0.97,1716.43,251.66,803534,22,5790541,DarkSpotInTemplateCenter,,05/29/20 13:12:24,ramorgan2,285837788.0,57
58468.074,z,60.177,10.209,4096,0.452,32.937,1.645,161.5,154.9,0.97,1477.04,355.13,803534,22,5789538,DarkSpotInTemplateCenter,,05/31/20 18:52:19,ramorgan2,285837869.0,58
58468.074,z,42.785,8.5263,4096,0.193,32.937,1.645,161.5,154.9,0.97,1480.13,1190.78,803534,22,5783523,DarkSpotInTemplateCenter,,05/31/20 18:57:58,ramorgan2,285838390.0,58
58468.074,z,46.168,9.1936,4096,0.24,32.93,1.644,158.9,172.4,0.95,1211.98,1467.68,803534,55,5791347,DarkSpotInTemplateCenter,,05/31/20 18:57:33,ramorgan2,285860449.0,58
58468.074,z,45.191,9.0469,4096,0.38,32.93,1.644,158.9,172.4,0.95,92.6,3312.34,803534,55,5791618,DarkSpotInTemplateCenter,,05/31/20 18:56:46,ramorgan2,285861485.0,58
58468.074,z,48.863,8.7619,4096,0.315,32.93,1.644,158.9,172.4,0.95,590.88,2887.56,803534,55,5791621,DarkSpotInTemplateCenter,,05/31/20 18:52:17,ramorgan2,285861080.0,58
58468.074,z,42.438,8.7547,4096,0.345,32.937,1.645,161.5,154.9,0.97,1690.51,1891.0,803534,22,5795398,DarkSpotInTemplateCenter,,05/31/20 18:59:35,ramorgan2,285838651.0,58
58468.074,z,57.614,9.4519,4096,0.438,32.937,1.645,161.5,154.9,0.97,1660.11,231.4,803534,22,5794092,DarkSpotInTemplateCenter,,05/31/20 18:52:29,ramorgan2,285837760.0,58
58468.074,z,48.76600000000001,8.7882,4096,0.328,32.93,1.644,158.9,172.4,0.95,46.9,1351.87,803534,55,5792032,DarkSpotInTemplateCenter,,05/31/20 19:07:42,ramorgan2,285860348.0,58
58468.074,z,35.492,7.7651,4096,0.39,32.937,1.645,161.5,154.9,0.97,607.32,3948.05,803534,22,5789564,DarkSpotInTemplateCenter,,06/19/20 13:12:40,ramorgan2,285839073.0,59
58468.074,z,45.597,9.4159,4096,0.303,32.937,1.645,161.5,154.9,0.97,1644.78,2400.29,803534,22,5790566,DarkSpotInTemplateCenter,,05/31/20 19:07:28,ramorgan2,285838792.0,59
58468.074,z,40.907,8.5628,4096,0.3,32.93,1.644,158.9,172.4,0.95,1726.2,497.17,803534,55,5898244,DarkSpotInTemplateCenter,,05/31/20 19:08:50,ramorgan2,285860060.0,60
58468.074,z,44.15,8.6414,4096,0.42,32.93,1.644,158.9,172.4,0.95,1195.97,1237.76,803534,55,5792031,DarkSpotInTemplateCenter,,05/31/20 19:08:11,ramorgan2,285860263.0,60
58468.167,i,22.304000000000002,4.7472,4096,0.35,33.223,1.8719999999999999,105.2,113.9,1.02,784.77,1753.02,803619,26,5801865,DarkSpotInTemplateCenter,,06/01/20 20:59:48,ashandonay,286152917.0,62
58482.112,g,10.308,2.9486,4096,0.14,32.962,2.724,34.3,35.1,0.95,224.88,799.72,807318,25,5872857,DarkSpotInTemplateCenter,,06/05/20 22:38:09,ramorgan2,288962911.0,62
58468.167,i,23.5,4.68,4096,0.37,33.223,1.8719999999999999,105.2,113.9,1.02,928.48,3871.45,803619,26,5889526,DarkSpotInTemplateCenter,,06/01/20 20:57:41,ashandonay,286153600.0,62
58468.167,i,38.827,6.3648,4096,0.38,33.223,1.8719999999999999,105.2,113.9,1.02,1500.65,2936.35,803619,26,5764604,DarkSpotInTemplateCenter,,06/01/20 20:58:08,ashandonay,286153163.0,62
58483.065,g,20.597,5.6404,4096,0.36,31.591,2.273,21.1,6.3,0.92,1498.68,2851.75,807615,40,5902785,DarkSpotInTemplateCenter,,06/05/20 22:23:41,ashandonay,289337861.0,63
58483.092,g,13.318,2.2104,4096,0.11,32.954,2.26,34.4,34.8,0.96,850.4,3673.21,807629,32,5896423,DarkSpotInTemplateCenter,,06/03/20 00:42:45,ashandonay,290120394.0,63
58468.167,i,20.887,4.5878,4096,0.06,33.223,1.872,105.2,113.9,1.02,596.25,2210.73,803619,26,5890292,DarkSpotInTemplateCenter,,06/03/20 00:40:34,ashandonay,286152972.0,63
58482.155,r,11.725,3.8036,4096,0.253,33.083,2.699,49.2,57.3,1.06,1911.6,3234.09,807329,42,5876542,DarkSpotInTemplateCenter,,06/03/20 00:42:49,ashandonay,289304879.0,63
58482.099,g,10.778,2.4337,4096,0.05,32.95,2.153,38.0,41.7,0.95,1985.23,3596.44,807315,23,5887407,DarkSpotInTemplateCenter,,06/05/20 22:48:34,ashandonay,289041544.0,64
58482.112,g,9.7964,2.9346,4096,0.305,32.962,2.724,34.3,35.1,0.95,119.45,983.67,807318,25,5890025,DarkSpotInTemplateCenter,,06/05/20 22:59:46,ashandonay,288962962.0,64
58466.055,i,23.414,5.2382,4096,0.298,33.239000000000004,2.02,118.2,109.0,0.96,763.6,3701.25,802856,45,5889961,DarkSpotInTemplateCenter,,06/05/20 22:31:59,ramorgan2,285344553.0,65
58482.155,r,15.307,4.0522,4096,0.374,33.083,2.699,49.2,57.3,1.06,293.17,187.24,807329,42,5873608,DarkSpotInTemplateCenter,,06/11/20 20:44:17,ashandonay,289303875.0,65
58468.167,i,28.625,5.5665,4096,0.35700000000000004,33.223,1.8719999999999999,105.2,113.9,1.02,1913.93,2796.93,803619,26,5773818,DarkSpotInTemplateCenter,,06/08/20 22:58:09,ashandonay,286153074.0,65
58483.087999999996,g,12.897,2.4988,4096,0.127,32.955,2.175,36.9,36.3,0.9,704.91,335.9,807628,11,5874070,DarkSpotInTemplateCenter,,06/08/20 22:59:09,ashandonay,289825895.0,66
58468.04,z,49.21100000000001,10.845999999999998,4096,0.415,32.929,2.079,170.4,152.6,0.98,57.97,2958.24,803526,51,5797997,DarkSpotInTemplateCenter,,06/15/20 21:33:57,ashandonay,285798217.0,68
58466.055,i,20.685,5.474,4096,0.34,33.239000000000004,2.02,118.2,109.0,0.96,1068.39,2751.06,802856,45,5777527,DarkSpotInTemplateCenter,,06/17/20 23:32:55,ramorgan2,285344514.0,69
58471.184,z,120.39,23.017,4096,0.34,31.419,1.931,102.2,60.0,0.92,1422.64,1657.57,804508,13,5806489,DarkSpotInTemplateCenter,,06/19/20 20:40:32,ashandonay,286306061.0,69
58392.372,z,120.33,19.782,4096,0.373,31.435,1.76,93.4,59.0,0.97,1644.95,1961.6,779683,54,5820356,DarkSpotInTemplateCenter,,06/18/20 09:23:31,ramorgan2,268421703.0,71
58468.158,i,18.955,4.5651,4096,0.327,33.216,1.776,102.4,109.6,1.04,1962.31,3730.33,803617,29,5889921,DarkSpotInTemplateCenter,,06/18/20 09:20:34,ramorgan2,286166645.0,71
58468.158,i,18.998,4.6162,4096,0.315,33.216,1.776,102.4,109.6,1.04,1720.13,1110.83,803617,29,5802389,DarkSpotInTemplateCenter,,06/18/20 09:20:21,ramorgan2,286165984.0,71
58483.155,r,16.623,2.9960000000000004,4096,0.1,33.069,1.905,59.7,52.2,0.91,657.61,321.32,807645,7,5878828,DarkSpotInTemplateCenter,,06/18/20 09:24:06,ramorgan2,290419186.0,71
58468.157999999996,i,25.85,4.4684,4096,0.58,33.216,1.776,102.4,109.6,1.04,771.11,610.23,803617,29,5889846,DarkSpotInTemplateCenter,,06/19/20 13:04:23,ramorgan2,286165764.0,72
58468.157999999996,i,21.755,4.2549,4096,0.597,33.216,1.776,102.4,109.6,1.04,875.13,1452.24,803617,29,5767439,DarkSpotInTemplateCenter,,06/19/20 13:36:00,ramorgan2,286166092.0,73
58468.157999999996,i,20.223,4.3561,4096,0.467,33.216,1.776,102.4,109.6,1.04,918.38,3947.21,803617,29,5802399,DarkSpotInTemplateCenter,,06/19/20 13:37:44,ramorgan2,286166655.0,73
58483.164000000004,r,15.172,3.0615,4096,0.325,33.078,2.09,56.5,46.9,1.02,1265.85,913.32,807647,35,5883077,DarkSpotInTemplateCenter,,06/19/20 13:33:20,ramorgan2,290285251.0,73
58392.372,z,135.71,19.783,4096,0.43,31.435,1.76,93.4,59.0,0.97,1340.76,932.31,779683,54,5820346,DarkSpotInTemplateCenter,,06/19/20 13:31:05,ramorgan2,268419847.0,73
58480.147,z,55.18899999999999,10.578,4096,0.405,32.986,2.145,153.5,157.1,0.97,1042.78,3507.81,806758,14,5800015,DarkSpotInTemplateCenter,,06/23/20 16:55:30,ramorgan2,288403096.0,74
58480.147000000004,z,46.027,10.142999999999999,4096,0.63,32.986,2.145,153.5,157.1,0.97,1709.63,1984.82,806758,14,5861415,DarkSpotInTemplateCenter,,06/23/20 22:18:56,ashandonay,288402760.0,75
58468.158,i,20.298,4.4563,4096,0.448,33.216,1.776,102.4,109.6,1.04,698.8,1757.13,803617,29,5802391,DarkSpotInTemplateCenter,,07/01/20 00:34:39,ashandonay,286166176.0,76
58468.157999999996,i,19.776,4.3051,4096,0.368,33.216,1.776,102.4,109.6,1.04,482.44,805.5,803617,29,5893438,DarkSpotInTemplateCenter,,06/23/20 22:22:06,ramorgan2,286165880.0,76
58483.155,r,1.1706,2.8977,4097,0.005,33.069,1.905,59.7,52.2,0.91,1607.55,964.32,807645,7,5898846,DarkSpotInTemplateCenter,,06/23/20 16:59:28,ramorgan2,290420804.0,77
58480.147,z,47.707,10.039,4096,0.468,32.986,2.145,153.5,157.1,0.97,316.55,740.91,806758,14,5861411,DarkSpotInTemplateCenter,,06/23/20 17:03:24,ramorgan2,288402569.0,77
58480.147,z,34.223,9.4873,4096,0.32299999999999995,32.986,2.145,153.5,157.1,0.97,1398.28,3814.98,806758,14,5861425,DarkSpotInTemplateCenter,,06/23/20 16:59:21,ramorgan2,288403101.0,77
58480.147000000004,z,46.403,10.398,4096,0.462,32.986,2.145,153.5,157.1,0.97,250.43,823.01,806758,14,5861412,DarkSpotInTemplateCenter,,06/25/20 13:26:35,ramorgan2,288402581.0,78
58392.372,z,129.94,19.768,4096,0.527,31.435,1.76,93.4,59.0,0.97,1466.38,1703.02,779683,54,5820351,DarkSpotInTemplateCenter,,06/25/20 13:13:14,ramorgan2,268421355.0,78
58392.372,z,114.7,18.511,4096,0.418,31.435,1.76,93.4,59.0,0.97,815.8,1951.08,779683,54,5820357,DarkSpotInTemplateCenter,,06/25/20 13:25:43,ramorgan2,268421696.0,79
58468.157999999996,i,19.044,4.4673,4096,0.32799999999999996,33.216,1.776,102.4,109.6,1.04,692.59,3075.25,803617,29,5896488,DarkSpotInTemplateCenter,,06/25/20 13:51:19,ramorgan2,286166506.0,79
58482.116,g,14.002,2.695,4096,0.343,32.958,2.539,34.4,33.0,0.93,1664.93,1645.52,807319,24,5872467,DarkSpotInTemplateCenter,,06/28/20 17:06:51,ramorgan2,289164788.0,83
58482.099,g,12.733,2.5841,4096,0.305,32.97,2.244,35.3,38.0,0.95,175.0,59.46,807315,27,5885909,DarkSpotInTemplateCenter,,06/28/20 17:11:00,ramorgan2,289152828.0,86
58481.121,g,12.705,2.6783,4096,0.35,32.965,2.424,35.2,41.4,1.04,658.77,3089.04,807029,41,5880923,DarkSpotInTemplateCenter,,06/28/20 19:27:36,ramorgan2,288771839.0,94
58483.168,r,16.561,3.353,4096,0.51,33.063,2.218,58.7,47.6,0.91,1821.67,634.26,807648,3,5883733,DarkSpotInTemplateCenter,,06/28/20 17:18:15,ramorgan2,290383620.0,101
58483.168,r,16.111,3.4438,4096,0.095,33.063,2.218,58.7,47.6,0.91,1874.13,2060.91,807648,3,5878830,DarkSpotInTemplateCenter,,06/28/20 17:25:18,ramorgan2,290384935.0,110
58482.099,g,16.541,2.759,4096,0.32,32.97,2.244,35.3,38.0,0.95,1754.82,2479.77,807315,27,5872993,DarkSpotInTemplateCenter,,06/28/20 19:27:11,ramorgan2,289160607.0,114
58469.153,i,24.298000000000002,5.2423,4096,0.462,33.22,1.87,131.7,116.4,0.99,699.77,3359.43,803963,23,5808713,DarkSpotInTemplateCenter,,06/28/20 19:30:06,ramorgan2,286261056.0,123
58468.183,z,79.78399999999998,18.978,4096,0.575,31.45,1.936,69.9,77.1,0.97,774.72,3736.34,803622,26,5804211,DarkSpotInTemplateCenter,,07/07/20 22:44:06,ashandonay,285914182.0,144
58482.099,g,16.243,2.7537,4096,0.35,32.97,2.244,35.3,38.0,0.95,1767.0,2535.95,807315,27,5875926,DarkSpotInTemplateCenter,,07/02/20 20:59:40,ashandonay,289161110.0,148
58482.099,g,11.469,2.5491,4096,0.303,32.97,2.244,35.3,38.0,0.95,1376.2,3251.55,807315,27,5878482,DarkSpotInTemplateCenter,,07/07/20 23:20:58,ashandonay,289163329.0,152
58482.099,g,14.478,2.4866,4096,0.32,32.97,2.244,35.3,38.0,0.95,1741.58,1944.37,807315,27,5867263,DarkSpotInTemplateCenter,,07/03/20 21:52:59,ashandonay,289157885.0,153
58482.099,g,13.645,2.6768,4096,0.233,32.97,2.244,35.3,38.0,0.95,1529.25,2504.94,807315,27,5879037,DarkSpotInTemplateCenter,,07/09/20 15:18:03,ramorgan2,289160812.0,156
58482.099,g,10.777999999999999,2.3721,4096,0.36,32.97,2.244,35.3,38.0,0.95,1760.38,3553.98,807315,27,5873030,DarkSpotInTemplateCenter,,07/06/20 14:05:23,ramorgan2,289163102.0,157
58482.099,g,23.171,3.0398,4096,0.59,32.97,2.244,35.3,38.0,0.95,1884.0,2568.71,807315,27,5873011,DarkSpotInTemplateCenter,,07/06/20 14:11:33,ramorgan2,289161376.0,158
58466.05,i,22.026,5.4032,4096,0.298,33.226,1.9909999999999999,120.6,102.4,0.95,218.83,3021.71,802855,39,5895317,DarkSpotInTemplateCenter,,07/06/20 14:09:48,ramorgan2,285335715.0,163
58469.153,i,22.65,5.2616,4096,0.33,33.22,1.87,131.7,116.4,0.99,868.89,3256.7,803963,23,5805201,DarkSpotInTemplateCenter,,07/09/20 15:07:12,ramorgan2,286261011.0,167
58482.099,g,14.212,2.8611,4096,0.43799999999999994,32.97,2.244,35.3,38.0,0.95,669.11,2512.44,807315,27,5873003,DarkSpotInTemplateCenter,,07/08/20 21:22:54,ashandonay,289160873.0,170
58482.099,g,13.149000000000001,2.4323,4096,0.353,32.97,2.244,35.3,38.0,0.95,1091.54,1935.88,807315,27,5872971,DarkSpotInTemplateCenter,,07/08/20 21:33:16,ashandonay,289157824.0,180
58466.045,i,25.158,5.5207,4096,0.17,33.22,1.972,118.2,105.1,1.05,412.54,205.59,802854,22,5890788,DarkSpotInTemplateCenter,,07/08/20 21:41:51,ashandonay,285292628.0,188
58483.164,r,11.809,3.2842,4096,0.05,33.074,2.172,57.3,50.6,0.96,1833.32,3985.41,807647,56,5895288,DarkSpotInTemplateCenter,,07/09/20 15:18:00,ramorgan2,290577300.0,196
58466.045,i,21.529,5.1827,4096,0.445,33.22,1.972,118.2,105.1,1.05,1457.82,474.69,802854,22,5775306,DarkSpotInTemplateCenter,,07/09/20 21:53:44,ashandonay,285292715.0,210
58466.045,i,24.073,5.6698,4096,0.345,33.22,1.972,118.2,105.1,1.05,346.64,3066.37,802854,22,5775281,DarkSpotInTemplateCenter,,07/10/20 00:10:20,ashandonay,285292935.0,218
58466.045,i,26.356,5.8204,4096,0.472,33.22,1.972,118.2,105.1,1.05,399.93,291.86,802854,22,5775304,DarkSpotInTemplateCenter,,07/10/20 00:13:06,ashandonay,285292659.0,228
58466.045,i,21.928,5.3155,4096,0.443,33.22,1.972,118.2,105.1,1.05,1392.24,1438.39,802854,22,5775315,DarkSpotInTemplateCenter,,07/13/20 23:11:27,ashandonay,285292858.0,243
58483.06400000001,r,28.500999999999998,6.5556,4096,0.402,31.737,2.0180000000000002,31.4,23.7,1.01,554.24,674.14,807614,27,5910164,DarkSpotInTemplateCenter,,07/10/20 10:39:04,tabbutt,292447933.0,258
58452.301,r,25.732,4.8115,4096,0.048,31.75800000000001,1.54,41.6,16.3,0.96,497.71,1406.36,797969,23,5899324,DarkSpotInTemplateCenter,,07/14/20 09:36:55,ramorgan2,283380611.0,285
58482.193,g,25.774,5.8544,4096,0.45299999999999996,31.579,2.4219999999999997,19.8,14.9,1.06,609.44,605.52,807342,51,5897036,DarkSpotInTemplateCenter,,07/14/20 09:52:10,ramorgan2,289236060.0,289
58468.054000000004,z,54.854,8.9473,4608,0.409,32.92,1.7109999999999999,162.4,157.8,0.97,850.67,829.93,803529,37,5799636,DarkSpotInTemplateCenter,,07/16/20 19:17:24,ramorgan2,286035378.0,295
58468.054,z,44.166,9.2527,4096,0.115,32.92,1.711,162.4,157.8,0.97,527.25,102.34,803529,37,5803872,DarkSpotInTemplateCenter,,07/13/20 23:32:11,ashandonay,286035153.0,298
58466.05,i,21.876,5.2946,4096,0.297,33.223,2.026,121.1,107.6,0.96,1149.38,489.76,802855,24,5765738,DarkSpotInTemplateCenter,,07/22/20 11:52:54,tabbutt,285327718.0,302
58468.054000000004,z,44.05,9.0708,4096,0.51,32.92,1.7109999999999999,162.4,157.8,0.97,644.61,187.62,803529,37,5799631,DarkSpotInTemplateCenter,,07/13/20 19:03:22,tabbutt,286035192.0,302
58468.054000000004,z,54.363,9.1052,4096,0.552,32.92,1.7109999999999999,162.4,157.8,0.97,633.26,2095.59,803529,37,5792096,DarkSpotInTemplateCenter,,07/14/20 09:41:11,ramorgan2,286035532.0,312
58452.301,r,30.211,4.8015,4096,0.1,31.75800000000001,1.54,41.6,16.3,0.96,475.24,2508.05,797969,23,5876279,DarkSpotInTemplateCenter,,07/14/20 09:47:41,ramorgan2,283380739.0,317
58468.054000000004,z,36.150999999999996,8.6096,4096,0.355,32.92,1.7109999999999999,162.4,157.8,0.97,551.23,3721.29,803529,37,5799651,DarkSpotInTemplateCenter,,07/14/20 09:47:23,ramorgan2,286035684.0,317
58468.054000000004,z,38.923,8.5216,4096,0.303,32.92,1.7109999999999999,162.4,157.8,0.97,1891.77,3081.56,803529,37,5891019,DarkSpotInTemplateCenter,,07/14/20 09:49:37,ramorgan2,286035864.0,320
58468.054,z,45.932,9.9152,4096,0.24,32.92,1.711,162.4,157.8,0.97,727.2,1611.09,803529,37,5788738,DarkSpotInTemplateCenter,,07/15/20 13:13:12,ramorgan2,286035456.0,326
58468.054,z,45.21100000000001,9.2687,4096,0.4,32.92,1.711,162.4,157.8,0.97,1189.82,3846.61,803529,37,5799650,DarkSpotInTemplateCenter,,07/14/20 12:45:48,ramorgan2,286035669.0,327
58468.054,z,39.99,8.4633,4096,0.42,32.92,1.711,162.4,157.8,0.97,1149.87,1894.65,803529,37,5888008,DarkSpotInTemplateCenter,,07/14/20 12:45:38,ramorgan2,286035499.0,333
58482.171,r,16.517,2.84,4096,0.305,33.077,1.977,49.9,50.4,0.98,1177.29,2595.28,807333,16,5774064,DarkSpotInTemplateCenter,,07/14/20 12:45:46,ramorgan2,289659610.0,333
58482.171,r,15.433,2.6148,4096,0.318,33.077,1.977,49.9,50.4,0.98,408.57,961.03,807333,16,5878178,DarkSpotInTemplateCenter,,07/14/20 12:50:36,ramorgan2,289657986.0,337
58468.054000000004,z,37.12300000000001,8.45,4096,0.31,32.92,1.7109999999999999,162.4,157.8,0.97,1178.34,1737.21,803529,37,5888004,DarkSpotInTemplateCenter,,07/16/20 19:21:17,ashandonay,286035470.0,340
58468.054000000004,z,59.161,10.935,4096,0.335,32.92,1.7109999999999999,162.4,157.8,0.97,712.81,3555.07,803529,37,5799653,DarkSpotInTemplateCenter,,07/14/20 21:13:21,ashandonay,286035702.0,344
58466.05,i,22.748,5.2499,4096,0.313,33.223,2.026,121.1,107.6,0.96,975.42,1279.55,802855,24,5802866,DarkSpotInTemplateCenter,,07/14/20 21:24:29,ashandonay,285327770.0,347
58482.170999999995,r,17.65,2.8647,4096,0.3,33.077,1.9769999999999999,49.9,50.4,0.98,1393.1,3062.5,807333,16,5877473,DarkSpotInTemplateCenter,,07/16/20 19:20:33,ashandonay,289660225.0,367
58482.170999999995,r,16.849,2.8334,4096,0.38,33.077,1.9769999999999999,49.9,50.4,0.98,1244.98,2498.94,807333,16,5877466,DarkSpotInTemplateCenter,,07/16/20 19:14:48,ashandonay,289659488.0,370
58482.193,g,23.815,5.8748,4096,0.486,31.579,2.4219999999999997,19.8,14.9,1.06,1096.08,991.64,807342,51,5903788,DarkSpotInTemplateCenter,,07/16/20 19:31:58,ashandonay,289236333.0,370
58468.054000000004,z,55.348,9.115,4096,0.4970000000000001,32.92,1.7109999999999999,162.4,157.8,0.97,689.15,1088.99,803529,37,5799638,DarkSpotInTemplateCenter,,07/16/20 19:16:45,ashandonay,286035403.0,371
58468.054,z,35.264,8.6034,4096,0.18,32.92,1.711,162.4,157.8,0.97,595.61,2895.7,803529,37,5798856,DarkSpotInTemplateCenter,,07/17/20 00:16:43,ashandonay,286035629.0,371
58468.054000000004,z,34.154,8.5495,4096,0.258,32.92,1.7109999999999999,162.4,157.8,0.97,1883.26,2877.35,803529,37,5793648,DarkSpotInTemplateCenter,,07/16/20 19:31:27,ashandonay,286035628.0,372
58419.28599999999,z,111.44,21.265,4096,0.67,31.349,1.79,104.4,47.1,0.97,261.83,562.34,788206,42,5544156,DarkSpotInTemplateCenter,,07/16/20 19:03:47,ramorgan2,271056564.0,379
58468.059,z,61.533,10.296,4096,0.38,32.933,1.732,164.4,168.5,0.97,912.75,48.55,803530,42,5788193,DarkSpotInTemplateCenter,,07/17/20 22:00:39,ashandonay,285802159.0,382
58468.059,z,46.483999999999995,9.1742,4096,0.405,32.933,1.732,164.4,168.5,0.97,1826.56,3680.35,803530,42,5788220,DarkSpotInTemplateCenter,,07/17/20 22:08:51,ashandonay,285802825.0,383
58468.059,z,37.363,9.0033,4096,0.218,32.933,1.732,164.4,168.5,0.97,1333.05,3669.3,803530,42,5785004,DarkSpotInTemplateCenter,,07/17/20 22:02:25,ashandonay,285802830.0,383
58468.059,z,41.305,10.296,4096,0.16,32.933,1.732,164.4,168.5,0.97,922.02,222.25,803530,42,5796091,DarkSpotInTemplateCenter,,07/17/20 22:09:09,ramorgan2,285802206.0,384
58480.067,r,17.509,3.9753,4608,0.12,33.071999999999996,2.383,54.8,50.9,0.91,1077.86,871.19,806708,5,5885741,DarkSpotInTemplateCenter,,07/17/20 22:16:07,ashandonay,288239133.0,386
58468.059,z,67.232,11.33,4096,0.47200000000000003,32.933,1.732,164.4,168.5,0.97,876.68,2275.64,803530,42,5788205,DarkSpotInTemplateCenter,,07/17/20 22:17:55,ashandonay,285802628.0,388
58465.054000000004,i,23.732,5.1613,4096,0.54,33.196999999999996,2.103,95.7,104.9,1.05,42.34,866.17,802526,22,5793060,DarkSpotInTemplateCenter,,07/17/20 22:20:02,ashandonay,284769960.0,389
58468.059,z,50.086999999999996,10.071,4096,0.41200000000000003,32.933,1.732,164.4,168.5,0.97,1980.31,193.87,803530,42,5889432,DarkSpotInTemplateCenter,,07/17/20 22:20:40,ashandonay,285802198.0,389
58468.059,z,50.833999999999996,10.308,4096,0.285,32.933,1.732,164.4,168.5,0.97,887.81,2188.5,803530,42,5796122,DarkSpotInTemplateCenter,,07/17/20 22:20:16,ashandonay,285802615.0,389
58468.059,z,47.00100000000001,9.3585,4096,0.365,32.933,1.732,164.4,168.5,0.97,537.33,2284.12,803530,42,5799210,DarkSpotInTemplateCenter,,07/17/20 22:21:52,ashandonay,285802629.0,390
58468.059,z,52.9,10.251,4096,0.5529999999999999,32.933,1.732,164.4,168.5,0.97,857.54,2013.38,803530,42,5788203,DarkSpotInTemplateCenter,,07/17/20 22:23:48,ashandonay,285802588.0,391
58465.054,i,22.068,5.2264,4096,0.26,33.197,2.103,95.7,104.9,1.05,744.98,961.31,802526,22,5797917,DarkSpotInTemplateCenter,,07/20/20 21:39:17,ashandonay,284769964.0,395
58468.059,z,63.31399999999999,10.681,4096,0.495,32.933,1.732,164.4,168.5,0.97,544.22,212.85,803530,42,5796090,DarkSpotInTemplateCenter,,07/20/20 21:58:05,ashandonay,285802202.0,399
58465.054,i,23.458,5.3438,4096,0.45,33.197,2.103,95.7,104.9,1.05,1060.81,1142.85,802526,22,5773641,DarkSpotInTemplateCenter,,07/20/20 22:04:51,ashandonay,284769973.0,401
58468.059,z,58.64,11.470999999999998,4096,0.397,32.933,1.732,164.4,168.5,0.97,849.88,828.62,803530,42,5809162,DarkSpotInTemplateCenter,,07/20/20 22:11:59,ashandonay,285802338.0,404
58468.059,z,32.968,11.299,4097,0.14,32.933,1.732,164.4,168.5,0.97,867.9,1444.68,803530,42,5888474,DarkSpotInTemplateCenter,,07/20/20 22:11:38,ashandonay,285802476.0,404
58468.059,z,49.158,9.9336,4096,0.198,32.933,1.732,164.4,168.5,0.97,940.06,3391.85,803530,42,5791763,DarkSpotInTemplateCenter,,07/20/20 22:14:14,ashandonay,285802890.0,405
58465.054,i,22.038,5.7811,4096,0.208,33.197,2.103,95.7,104.9,1.05,288.81,2421.37,802526,22,5892079,DarkSpotInTemplateCenter,,07/20/20 22:21:26,ashandonay,284770048.0,407
58468.059,z,50.63,10.336,4096,0.402,32.933,1.732,164.4,168.5,0.97,1380.81,2574.88,803530,42,5788211,DarkSpotInTemplateCenter,,07/20/20 22:22:49,ashandonay,285802675.0,407
58468.059,z,42.753,9.5451,4096,0.185,32.933,1.732,164.4,168.5,0.97,1410.49,1351.8,803530,42,5809166,DarkSpotInTemplateCenter,,07/21/20 21:45:52,ashandonay,285802448.0,415
58480.067,r,28.237,5.8605,4608,0.3,33.071999999999996,2.383,54.8,50.9,0.91,1020.34,993.63,806708,5,5876873,DarkSpotInTemplateCenter,,07/21/20 22:23:35,ashandonay,288239343.0,418
58481.109000000004,g,13.857999999999999,2.9696,4096,0.34,32.946999999999996,2.7119999999999997,34.3,38.8,1.08,554.97,3967.67,807026,21,5867991,DarkSpotInTemplateCenter,,07/21/20 22:27:32,ashandonay,288557819.0,418
58480.067,r,19.963,4.2855,4608,0.105,33.072,2.383,54.8,50.9,0.91,622.32,879.67,806708,5,5895011,DarkSpotInTemplateCenter,,07/23/20 21:37:07,ashandonay,288239142.0,423
58468.059,z,49.044,9.8687,4096,0.345,32.933,1.732,164.4,168.5,0.97,1636.22,2796.64,803530,42,5898789,DarkSpotInTemplateCenter,,07/21/20 23:18:02,ashandonay,285802739.0,423
58483.195999999996,r,27.961,7.3079,4096,0.353,31.745,2.141,33.7,30.1,0.99,1682.81,1484.73,807663,51,5881249,DarkSpotInTemplateCenter,,07/22/20 12:08:05,tabbutt,290135818.0,425
58468.059,z,41.59,9.4109,4096,0.151,32.933,1.732,164.4,168.5,0.97,819.18,3623.85,803530,42,5892628,DarkSpotInTemplateCenter,,07/22/20 12:03:05,tabbutt,285802842.0,426
58468.059,z,42.893,8.9965,4096,0.402,32.933,1.732,164.4,168.5,0.97,626.68,3473.27,803530,42,5892626,DarkSpotInTemplateCenter,,07/22/20 11:55:58,tabbutt,285802923.0,428
58465.054000000004,i,28.112,4.9719,12288,0.73,33.196999999999996,2.103,95.7,104.9,1.05,1663.79,2950.42,802526,22,5889582,DarkSpotInTemplateCenter,,07/22/20 12:02:53,tabbutt,284770083.0,431
58465.054000000004,i,21.08,5.1811,4096,0.195,33.196999999999996,2.103,95.7,104.9,1.05,956.24,588.13,802526,22,5806941,DarkSpotInTemplateCenter,,07/30/20 10:35:44,tabbutt,284769935.0,433
58468.059,z,48.251999999999995,10.306,4096,0.075,32.933,1.732,164.4,168.5,0.97,877.97,405.59,803530,42,5794897,DarkSpotInTemplateCenter,,07/22/20 12:07:41,tabbutt,285802252.0,436
58481.109000000004,g,11.404000000000002,3.1978,4096,0.125,32.946999999999996,2.7119999999999997,34.3,38.8,1.08,304.63,1633.23,807026,21,5865537,DarkSpotInTemplateCenter,,07/22/20 12:07:36,tabbutt,288557626.0,436
58481.117,g,12.724,3.09,4096,0.035,32.954,2.702,36.3,34.5,0.93,589.8,2411.28,807028,13,5869773,DarkSpotInTemplateCenter,,07/22/20 12:07:59,tabbutt,288667629.0,437
58468.059,z,52.44300000000001,9.9308,4096,0.305,32.933,1.732,164.4,168.5,0.97,1115.2,2481.35,803530,42,5788208,DarkSpotInTemplateCenter,,07/22/20 12:09:23,tabbutt,285802656.0,438
58465.054000000004,i,23.398000000000003,5.6966,4096,0.311,33.196999999999996,2.103,95.7,104.9,1.05,1053.44,450.46,802526,22,5897138,DarkSpotInTemplateCenter,,07/22/20 12:09:27,tabbutt,284769923.0,438
58465.054000000004,i,20.172,5.0804,4096,0.4970000000000001,33.196999999999996,2.103,95.7,104.9,1.05,1404.89,2488.56,802526,22,5775054,DarkSpotInTemplateCenter,,07/24/20 00:09:20,ashandonay,284770056.0,440
58468.059,z,39.788,8.9956,4096,0.327,32.933,1.732,164.4,168.5,0.97,422.89,3571.11,803530,42,5788221,DarkSpotInTemplateCenter,,07/23/20 21:31:32,ashandonay,285802858.0,440
58480.067,r,26.665,5.7212,4096,0.268,33.072,2.383,54.8,50.9,0.91,1225.42,2779.58,806708,5,5874865,DarkSpotInTemplateCenter,,07/23/20 21:39:14,ashandonay,288241746.0,442
58468.059,z,52.786,11.186,4096,0.312,32.933,1.732,164.4,168.5,0.97,1971.97,1453.22,803530,42,5788201,DarkSpotInTemplateCenter,,07/23/20 21:47:08,ramorgan2,285802479.0,443
58468.059,z,41.412,8.9547,4096,0.415,32.933,1.732,164.4,168.5,0.97,1400.56,441.46,803530,42,5788195,DarkSpotInTemplateCenter,,07/24/20 00:04:12,ashandonay,285802257.0,443
58468.059,z,60.934,13.2,4096,0.297,32.933,1.732,164.4,168.5,0.97,873.18,2635.46,803530,42,5784999,DarkSpotInTemplateCenter,,07/23/20 22:11:55,ashandonay,285802691.0,445
58468.059,z,49.76,9.9254,4096,0.19699999999999998,32.933,1.732,164.4,168.5,0.97,954.44,2443.26,803530,42,5889777,DarkSpotInTemplateCenter,,07/28/20 22:22:39,ramorgan2,285802652.0,446
58468.059,z,48.196999999999996,10.071,4096,0.32,32.933,1.732,164.4,168.5,0.97,1547.87,1629.97,803530,42,5787836,DarkSpotInTemplateCenter,,07/24/20 00:05:58,ramorgan2,285802526.0,449
58465.054,i,22.26,4.9716,4096,0.477,33.197,2.103,95.7,104.9,1.05,1650.55,1279.56,802526,22,5893751,DarkSpotInTemplateCenter,,07/28/20 00:09:03,ashandonay,284769981.0,458
58465.054,i,19.583,5.2469,4096,0.328,33.197,2.103,95.7,104.9,1.05,1213.16,3283.22,802526,22,5777845,DarkSpotInTemplateCenter,,07/31/20 00:32:57,ashandonay,284770156.0,460
58468.059,z,50.355,10.321,4096,0.36,32.933,1.732,164.4,168.5,0.97,813.26,285.56,803530,42,5809154,DarkSpotInTemplateCenter,,07/28/20 22:11:23,ashandonay,285802227.0,460
58468.059,z,44.835,9.369,4096,0.305,32.933,1.732,164.4,168.5,0.97,1031.84,2347.29,803530,42,5788206,DarkSpotInTemplateCenter,,07/28/20 22:14:06,ashandonay,285802635.0,464
58468.059,z,53.753,10.684,4096,0.415,32.933,1.732,164.4,168.5,0.97,717.87,941.48,803530,42,5800129,DarkSpotInTemplateCenter,,07/31/20 00:22:45,ashandonay,285802344.0,466
58480.067,r,14.272,3.616,4608,0.065,33.071999999999996,2.383,54.8,50.9,0.91,535.95,819.17,806708,5,5884664,DarkSpotInTemplateCenter,,07/28/20 22:36:27,ramorgan2,288239117.0,468
58468.059,z,41.622,9.1335,4096,0.365,32.933,1.732,164.4,168.5,0.97,1117.31,3892.75,803530,42,5788227,DarkSpotInTemplateCenter,,07/29/20 10:11:40,tabbutt,285802948.0,474
58468.059,z,109.64,15.693,4096,0.493,32.933,1.732,164.4,168.5,0.97,1760.8,1258.19,803530,42,5787834,DarkSpotInTemplateCenter,,07/30/20 10:32:46,tabbutt,285802431.0,475
58465.054000000004,i,20.083,5.2361,4096,0.405,33.196999999999996,2.103,95.7,104.9,1.05,554.86,803.14,802526,22,5775134,DarkSpotInTemplateCenter,,07/30/20 10:43:01,tabbutt,284769953.0,477
58468.059,z,42.637,8.9702,4096,0.37,32.933,1.732,164.4,168.5,0.97,355.4,2266.74,803530,42,5898501,DarkSpotInTemplateCenter,,07/30/20 10:39:44,tabbutt,285802626.0,477
58468.059,z,47.97,10.08,4096,0.405,32.933,1.732,164.4,168.5,0.97,1186.57,186.62,803530,42,5788194,DarkSpotInTemplateCenter,,07/30/20 10:35:35,tabbutt,285802197.0,477
58465.054,i,26.528,4.7076,12288,0.835,33.226,2.048,97.7,99.1,1.02,130.23,2834.86,802526,52,5893096,DarkSpotInTemplateCenter,,07/31/20 00:41:23,ashandonay,284840131.0,494
58382.306,z,108.78,20.549,12288,0.843,31.513,1.919,83.3,59.3,0.97,1247.01,72.37,776053,41,5500014,DarkSpotInTemplateCenter,,08/09/20 19:43:40,ramorgan2,267299320.0,581
58483.061,g,28.816,5.3868,12288,0.845,31.594,2.318,21.0,19.7,0.96,1526.89,3577.26,807612,32,5875867,DarkSpotInTemplateCenter,,08/09/20 20:09:21,ramorgan2,289364553.0,616
58467.038,z,72.654,13.423,12288,0.87,32.874,2.045,185.7,158.9,0.95,1553.38,3408.81,803178,36,5784121,DarkSpotInTemplateCenter,,08/18/20 21:35:50,ashandonay,285620171.0,736
